{
  "name": ".NET Core MVC Web Application",
  "defaultName": "MvcApp1",
  "shortName": "coremvc",
  "sources": [
    {
      "include": [
        "**/*"
      ],
      "copyOnly": [
		"**/[Ii]mages/",
		"**/[Ff]onts/",
		"**/[Ll]ib/",
		"**/*.ico",
		"**/*.png",
		"**/*.svg",
		"**/*.jpg",
	  ],
      "exclude": [
        //if (!IndividualAuth)
        //<include>individualauth.filelist//</include>
        //endif
        ".netnew.json",
        "**/[Bb]in/",
        "**/[Oo]bj/",
        "**/*.[Uu]ser",
        "**/.vs/",
        "**/*.filelist",
        "**/node_modules/",
        "**/*.lock.json"
      ],
      /*-:replacements*/
      "source": "./src/WebApplication1/",
      /*+:replacements*/
      "target": "./src/SAFE_NAME/",
      "rename": {
        /*-:replacements*/
        "WebApplication1.xproj": "SAFE_NAME.xproj"
        /*+:replacements*/
      }
    }
  ],
  /*-:vars*/
  /*-:cnd*/
  /*-:replacements*/
  /*-:include*/
  /*-:flags*/
  "parameters": {
    "name": {
      "isName": true,
      "description": "The name of your project",
      "defaultValue": "MvcApp1",
      "requirement": "implicit",
      "type": "string",
      "isVariable": false
    },
    "auth": {
      "isVariable": false,
      "requirement": "optional",
      "description": "The type of auth to use. Accepted values: Individual, Org, None",
      "defaultValue": "Individual"
    }
  },
  "config": {
    "flags": {
      "conditionals": {
        "on": "/*+:cnd*/",
        "off": "/*-:cnd*/"
      },
      "replacements": {
        "on": "/*+:replacements*/",
        "off": "/*-:replacements*/"
      },
      "expandVariables": {
        "on": "/*+:vars*/",
        "off": "/*-:vars*/"
      },
      "flags": {
        "off": "/*-:flags*/"
      },
      "include": {
        "on": "/*+:include*/",
        "off": "/*-:include*/"
      }
    },
    "conditionals": {
      "if": "#if",
      "else": "#else",
      "elseif": "#elseif",
      "endif": "#endif",
      "evaluator": "C++",
      "wholeLine": true,
      "trim": true
    },
    "macros": {
      "416f7ac4-8369-4966-9417-8d8d3298f707": {
        "type": "guid",
        "action": "new",
        "format": "D"
      },
      "ea82612f-f240-4e7d-ab90-9a32359a3ae7": {
        "type": "guid",
        "action": "new",
        "format": "D"
      },
      "IndividualAuth": {
        "type": "evaluate",
        "action": "(auth == \"Individual\")",
        "evaluator": "C++"
      },
      "OrgAuth": {
        "type": "evaluate",
        "action": "(auth == \"Org\")",
        "evaluator": "C++"
      },
      "NoAuth": {
        "type": "evaluate",
        "action": "(!(IndividualAuth || OrgAuth))",
        "evaluator": "C++"
      },
      "SAFE_NAME": {
        "type": "regex",
        "action": "replace",
        "source": "name",
        "steps": [
          {
            "regex": "\\W",
            "replacement": "_"
          }
        ]
      }
    },
    "replacements": {
      "WebApplication1": "SAFE_NAME"
    },
    "variables": {
      "sources": {
        "environment": "env_{0}",
        "user": "usr_{0}"
      },
      "order": [ "environment", "user" ],
      "fallbackFormat": "{0}",
      "expand": true
    }
  },
  "special": {
    "**/*.css": {
      "flags": {
        "conditionals": {
          "on": "/*+:cnd*/",
          "off": "/*-:cnd*/"
        },
        "replacements": {
          "on": "/*+:replacements*/",
          "off": "/*-:replacements*/"
        },
        "expandVariables": {
          "on": "/*+:vars*/",
          "off": "/*-:vars*/"
        },
        "flags": {
          "off": "/*-:flags*/"
        },
        "include": {
          "on": "/*+:include*/",
          "off": "/*-:include*/"
        }
      },
      "conditionals": {
        "if": "/* if",
        "else": "/* else",
        "elseif": "/* elseif",
        "endif": "/* endif",
        "evaluator": "C++",
        "wholeLine": true,
        "trim": true
      },
      "macros": {
        "IndividualAuth": {
          "type": "evaluate",
          "action": "(auth == \"Individual\")",
          "evaluator": "C++"
        },
        "OrgAuth": {
          "type": "evaluate",
          "action": "(auth == \"Org\")",
          "evaluator": "C++"
        },
        "NoAuth": {
          "type": "evaluate",
          "action": "(!(IndividualAuth || OrgAuth))",
          "evaluator": "C++"
        },
        "SAFE_NAME": {
          "type": "regex",
          "action": "replace",
          "source": "name",
          "steps": [
            {
              "regex": "\\W",
              "replacement": "_"
            }
          ]
        }
      },
      "variables": {
        "sources": {
          "environment": "env_{0}",
          "user": "usr_{0}"
        },
        "order": [ "environment", "user" ],
        "fallbackFormat": "{0}",
        "expand": true
      },
      "replacements": {
        "WebApplication1": "SAFE_NAME"
      }
    },
    "**/*.cshtml": {
      "flags": {
        "conditionals": {
          "on": "/*+:cnd*/",
          "off": "/*-:cnd*/"
        },
        "replacements": {
          "on": "/*+:replacements*/",
          "off": "/*-:replacements*/"
        },
        "expandVariables": {
          "on": "/*+:vars*/",
          "off": "/*-:vars*/"
        },
        "flags": {
          "off": "/*-:flags*/"
        },
        "include": {
          "on": "/*+:include*/",
          "off": "/*-:include*/"
        }
      },
      "conditionals": {
        "if": "<!-- if",
        "else": "<!-- else",
        "elseif": "<!-- elseif",
        "endif": "<!-- endif",
        "evaluator": "C++",
        "wholeLine": true,
        "trim": true
      },
      "macros": {
        "IndividualAuth": {
          "type": "evaluate",
          "action": "(auth == \"Individual\")",
          "evaluator": "C++"
        },
        "OrgAuth": {
          "type": "evaluate",
          "action": "(auth == \"Org\")",
          "evaluator": "C++"
        },
        "NoAuth": {
          "type": "evaluate",
          "action": "(!(IndividualAuth || OrgAuth))",
          "evaluator": "C++"
        },
        "SAFE_NAME": {
          "type": "regex",
          "action": "replace",
          "source": "name",
          "steps": [
            {
              "regex": "\\W",
              "replacement": "_"
            }
          ]
        }
      },
      "variables": {
        "sources": {
          "environment": "env_{0}",
          "user": "usr_{0}"
        },
        "order": [ "environment", "user" ],
        "fallbackFormat": "{0}",
        "expand": true
      },
      "replacements": {
        "WebApplication1": "SAFE_NAME"
      }
    },
    "**/*.json": {
      "flags": {
        "conditionals": {
          "on": "/*+:cnd*/",
          "off": "/*-:cnd*/"
        },
        "replacements": {
          "on": "/*+:replacements*/",
          "off": "/*-:replacements*/"
        },
        "expandVariables": {
          "on": "/*+:vars*/",
          "off": "/*-:vars*/"
        },
        "flags": {
          "off": "/*-:flags*/"
        },
        "include": {
          "on": "/*+:include*/",
          "off": "/*-:include*/"
        }
      },
      "conditionals": {
        "if": "//if",
        "else": "//else",
        "elseif": "//elseif",
        "endif": "//endif",
        "evaluator": "C++",
        "wholeLine": true,
        "trim": true
      },
      "macros": {
        "IndividualAuth": {
          "type": "evaluate",
          "action": "(auth == \"Individual\")",
          "evaluator": "C++"
        },
        "OrgAuth": {
          "type": "evaluate",
          "action": "(auth == \"Org\")",
          "evaluator": "C++"
        },
        "NoAuth": {
          "type": "evaluate",
          "action": "(!(IndividualAuth || OrgAuth))",
          "evaluator": "C++"
        },
        "SAFE_NAME": {
          "type": "regex",
          "action": "replace",
          "source": "name",
          "steps": [
            {
              "regex": "\\W",
              "replacement": "_"
            }
          ]
        }
      },
      "variables": {
        "sources": {
          "environment": "env_{0}",
          "user": "usr_{0}"
        },
        "order": [ "environment", "user" ],
        "fallbackFormat": "{0}",
        "expand": true
      },
      "include": {
        "start": "//<include>",
        "end": "//</include>"
      },
      "replacements": {
        "WebApplication1": "SAFE_NAME"
      }
    }
  }
}
